TagText,AboutResults
TagText,AboutResults
Allintitle: shark cordless handheld vacuum,"365,000"
Allintitle: wahl magic clip cordless,"58,200"
Allintitle: 2 line cordless phone,"153,000"
Allintitle: best cordless hair clippers,9
TagText,AboutResults
Allintitle: shark ionflex duoclean cordless ultra-light vacuum,8
Allintitle: hoover linx cordless stick bh50010,8
Allintitle: best cordless electric lawn mower,"410,000"
Allintitle: cordless string trimmer reviews,"481,000"
Allintitle: cuisinart perfectemp cordless electric kettle,8
Allintitle: best cordless circular saw,9
Allintitle: hoover linx cordless stick vacuum,"82,300"
Allintitle: cordless electric snow blower,8
Allintitle: cordless battery powered heater,"573,000"
TagText,AboutResults
TagText,AboutResults
TagText,AboutResults
TagText,AboutResults
TagText,AboutResults
TagText,AboutResults
TagText,AboutResults
TagText,AboutResults
TagText,AboutResults
TagText,AboutResults
Allintitle: lg cordzero charge plus cordless rechargeable vacuum,8
Allintitle: hoover impulse cordless vacuum,8
Allintitle: dyson cordless vacuum v6,8
Allintitle: 1/2 cordless impact wrench,"68,300"
Allintitle: makita cordless circular saw,"396,000"
Allintitle: best cordless vacuum cleaner,"438,000"
Allintitle: black and decker 40v cordless trimmer,"78,500"
Allintitle: panasonic cordless phone manual,"779,000"
Allintitle: cordless framing nail gun,"633,000"
